title,url,summary,press,date
"뉴욕증시, AI 반도체 주 반등·블루칩은 반락…혼조 출발",https://n.news.naver.com/mnews/article/001/0014769279,김 현 연합인포맥스 통신원 = 뉴욕증시는 최근 시장의 향배를 좌우하고 있는 인공지능(AI) 반도체 주들이 반등하고 '블루칩' 우량주들이..,연합뉴스 ,2024-06-25 23:54:00
"뉴욕증시, 장 초반 혼조세…엔비디아 반등에 S&P500·나스닥 상승",https://n.news.naver.com/mnews/article/277/0005436945,미국 뉴욕증시의 3대 지수는 25일(현지시간) 장 초반 혼조세를 나타내고 있다. 전날 7% 가까이 하락한 엔비디아가 2% 넘게 반등하며..,아시아경제 ,2024-06-25 22:54:23
"“참을만큼 참았다, 이제는 좀 가자”...‘이 종목’ 추천 늘어난 이유",https://n.news.naver.com/mnews/article/009/0005324759,"증권사, 삼성전자 ETF 추천 늘어 D램값 상승에 수익성 개선 기대 삼전 비중 20% 넘는 ETF 유망 올 하반기 메모리 반도체 업황 ..",매일경제 ,2024-06-25 22:37:09
"“미친듯 달리더니 갑자기 왜 이래”...600조 증발한 엔비디아, 젠슨황도 팔았다는데",https://n.news.naver.com/mnews/article/009/0005324747,"‘AI 대장주’ 엔비디아 급브레이크 사흘만에 시총 600조원 증발 젠슨 황, 이달 72만주 매도 “닷컴버블 때 시스코와 비슷” AI 장..",매일경제 ,2024-06-25 21:28:11
"""제철 과일 싸졌네"" 착해진 수박·토마토…폭염 오면 다시 '들썩' 우려",https://n.news.naver.com/mnews/article/057/0001825881,"최근 수박이나 참외, 토마토 등 제철 과일이 나오면서 그나마 과일값에 숨통이 트였습니다. 하지만, 곧 폭염이 시작되면 과일 뿐 아니라 ..",MBN ,2024-06-25 20:12:12
엔비디아 급락은 젠슨 황 매도 때문?…내부자들 6000억 이상 팔아,https://n.news.naver.com/mnews/article/031/0000847694,엔비디아가 하루 만에 6%대 급락한 가운데 젠슨 황 엔비디아 최고경영자(CEO) 등 간부들의 주식 매도가 투자자들의 불안을 부추겼다는 ..,아이뉴스24 ,2024-06-25 19:30:06
“여름 보너스 챙기려면 얼른 사세요”…배당 빵빵한 ‘이 종목’,https://n.news.naver.com/mnews/article/009/0005324722,분기배당 주목할 곳은 작년보다 배당액 확대 전망에 투자 쏠리며 현대차우 3% 쑥 KB 등 금융주는 배당률 1%대 특별배당 주는 ETF에..,매일경제 ,2024-06-25 19:18:06
"국민연금, 하반기 거래증권사 통보…NH·LS '복귀' 대신·신한 '탈락'",https://n.news.naver.com/mnews/article/277/0005436897,국민연금의 올해 하반기 국내 주식 거래증권사가 결정됐다. 상반기 제외됐던 NH투자증권 등 6개 사가 다시 포함됐지만 신한투자증권과 대신..,아시아경제 ,2024-06-25 18:20:42
"출렁거리는 환율… 코스피, 外人시대",https://n.news.naver.com/mnews/article/029/0002882959,"외국인, 이달 4.48조 순매수 이틀간 3190·5080억 매도 동기 코스피 2800선 붕괴 달러 1380원대로 강세 영향 최근 글로벌..",디지털타임스 ,2024-06-25 18:15:09
엔비디아 독주에 커지는 AI 불안감… 동반 성장이 관건,https://n.news.naver.com/mnews/article/029/0002882957,"4거래일 만에 장중 6%대 상승 마감 3거래일간 13% 하락은 만회 못해 시장선 ""단순 조정장… 매우 건전"" 투자회수, 매년 수천억 수..",디지털타임스 ,2024-06-25 18:15:09
“SK만 바라봅니다”…‘리밸런싱’에 사모펀드도 군침[마켓인],https://n.news.naver.com/mnews/article/018/0005773564,SK그룹의 대대적인 사업 포트폴리오 재편이 이달 베일을 벗는다. 219개에 달하는 계열사를 정리하는 과정에서 중복 계열사 간의 합병 및..,이데일리 ,2024-06-25 18:11:13
日거래소 물량 폭탄 우려에…비트코인 한때 6만弗 붕괴,https://n.news.naver.com/mnews/article/009/0005324658,"마운트곡스, 7월 매도 공식화 ETF 7일연속 순유출 영향도 비트코인이 25일 한때 8%가량 급락하며 6만달러 선 아래로 떨어졌다. 비..",매일경제 ,2024-06-25 18:00:19
젠슨황도 팔았다…엔비디아 고점 신호? 단기 조정?,https://n.news.naver.com/mnews/article/009/0005324655,"사흘만에 시총 600조원 증발 경영진도 매도 행렬 동참 ""닷컴버블 때 시스코와 비슷"" AI 장기 수익성 확보가 관건 미국 뉴욕 증시 상..",매일경제 ,2024-06-25 18:00:09
엔비디아 사흘간 13% 급락… 고점 물린 서학개미 울상,https://n.news.naver.com/mnews/article/014/0005204271,"액면분할하고 주가가 저렴해진 것 같아 들어왔더니 그전보다 더 떨어졌네요."" 서학개미들의 전폭적인 지지를 받고 있는 엔비디아가 3거래일 ..",파이낸셜뉴스 ,2024-06-25 17:58:20
"큰손 稅부담 줄어들수도… ""단기투자로 매매 빈도 늘려야""[6개월 앞둔 논란의 금투세]",https://n.news.naver.com/mnews/article/014/0005204268,"채권 투자자들은 오히려 유리하다고 하던데…"" ""장기 투자가 유리한가요?"" 금융투자소득세(금투세) 도입이 다가오면서 고액 자산가들의 고민..",파이낸셜뉴스 ,2024-06-25 17:57:18
상승세 멈췄던 국제 금값 다시 뛸까,https://n.news.naver.com/mnews/article/009/0005324649,달러강세로 2300달러대 하락 각국 중앙은행 금 확보 경쟁에 美대선도 금값 끌어올릴 호재 3분기부터 반등 전망 나와 지난달 연중 최고치..,매일경제 ,2024-06-25 17:57:09
"비트코인, 6만달러선에서 약세 지속…`마운트곡스` 악재 되나",https://n.news.naver.com/mnews/article/029/0002882946,가상화폐 대장주 비트코인이 6만달러선을 등락하며 약세를 이어가고 있다. 가상화폐 시황정보 사이트 코인마켓캡에 따르면 25일 오후 5시 ..,디지털타임스 ,2024-06-25 17:57:07
버핏·슬림…억만장자들은 에너지株 쇼핑 중,https://n.news.naver.com/mnews/article/015/0005001715,이 기사는 국내 최대 해외 투자정보 플랫폼 한경 글로벌마켓에 게재된 기사입니다. 조 바이든 미국 대통령이 재임하는 동안 가장 높은 성과..,한국경제 ,2024-06-25 17:56:16
"엔비디아 거품 걷히나…하루새 7% 폭락, 시총 3조弗 밑으로",https://n.news.naver.com/mnews/article/015/0005001712,이 기사는 국내 최대 해외 투자정보 플랫폼 한경 글로벌마켓에 게재된 기사입니다. 인공지능(AI) 열풍의 최대 수혜주로 꼽히는 엔비디아 ..,한국경제 ,2024-06-25 17:54:17
현대차 또 신고가 … 두둑한 중간배당 기대,https://n.news.naver.com/mnews/article/009/0005324623,분기배당 주목할 곳은 작년보다 배당액 확대 전망에 투자 쏠리며 우선주 3% 상승 KB 등 금융주는 배당률 1%대 특별배당 주는 ETF에..,매일경제 ,2024-06-25 17:52:11
STX그린 한달새 69% 급등…바닷길 막히자 치솟는 해운株,https://n.news.naver.com/mnews/article/015/0005001708,해운주가 다시 상승세를 타고 있다. 해상 운임 상승과 선박 교체 수요 증가 등이 호재로 작용했다는 분석이 나온다. 전문가들은 실적 개선..,한국경제 ,2024-06-25 17:51:12
자산은 불리고 세금은 줄이고…S·T·A·R 꿀팁 쏟아진다,https://n.news.naver.com/mnews/article/011/0004357955,물가를 잡기 위해 시작된 고금리 시대가 점차 막을 내릴 것이라는 기대감이 부풀어 오르면서 주식·부동산 등이 상승세를 타고 있다. 글로벌..,서울경제 ,2024-06-25 17:50:17
"코스피, 엔비디아 폭락에도 선방…외인·기관 쌍끌이 매수 영향",https://n.news.naver.com/mnews/article/029/0002882941,간밤 뉴욕증시에서 엔비디아 등 반도체 업종이 조정을 겪은 가운데 25일 코스피지수는 소폭 상승 마감했다. 외국인과 기관의 쌍끌이 매수가..,디지털타임스 ,2024-06-25 17:48:07
"""얼어붙은 2차전지株…3분기엔 달린다""",https://n.news.naver.com/mnews/article/015/0005001692,2차전지 관련주 주가가 맥을 추지 못하고 있는 가운데 하반기부터 실적이 회복돼 상승 추세로 돌아설 것이란 전망이 나왔다. 주가가 충분히..,한국경제 ,2024-06-25 17:40:14
“하반기 코스피 3200 간다”…바로 ‘이것’ 때문에 낙관론 나왔다,https://n.news.naver.com/mnews/article/011/0004357920,세계 각국이 금리 인하 행렬에 동참하고 있는 가운데 미국을 제외한 글로벌 경제가 서서히 회복할 것이라는 기대가 확산하면서 코스피지수가 ..,서울경제 ,2024-06-25 17:32:16
"""엔비디아 올라탔더니 13% 떨어져"" ""제2의 테슬라 되나"" 서학개미 울상",https://n.news.naver.com/mnews/article/014/0005204252,"액면분할하고 주가가 저렴해진 것 같아 들어왔더니 그전보다 더 떨어졌네요."" 서학개미들의 전폭적인 지지를 받고 있는 엔비디아가 3거래일 ..",파이낸셜뉴스 ,2024-06-25 17:32:16
“1억 투자하면 1년간 만 원”…한화운용도 美빅테크 ETF 수수료 ‘싹뚝’,https://n.news.naver.com/mnews/article/011/0004357919,상장지수펀드(ETF) 시장이 급성장하면서 시장점유율을 확보하기 위한 자산운용사들의 수수료 출혈경쟁이 극으로 치닫고 있다. 비슷한 콘셉트..,서울경제 ,2024-06-25 17:32:13
"엔비디아, 날개없는 추락…데이터로 살펴본 닷컴 vs AI",https://n.news.naver.com/mnews/article/215/0001168021,AI 열풍을 주도하고 있는 엔비디아의 주가가 3거래일 동안 16% 급락하면서 시가총액 1위 자리를 반납했습니다. 이에 엔비디아를 팔아야..,한국경제TV ,2024-06-25 17:29:37
게임주 모처럼 웃었다…물적분할 발표 엔씨소프트 7%↑[핫종목],https://n.news.naver.com/mnews/article/421/0007623726,게임사 주가가 모처럼 전반적으로 강세를 보였다. 특히 물적 분할 계획을 공시한 엔씨소프트(036570)는 7%대 상승 마감하며 20만 ..,뉴스1 ,2024-06-25 17:26:42
엔비디아 된서리에도…삼성전자·하이닉스 '외인·기관 순매수 1위'[핫종목],https://n.news.naver.com/mnews/article/421/0007623718,"엔비디아 주가 하락에도 국내 반도체 종목은 비교적 선방한 것으로 나타났다. 삼성전자(005930)는 외국인이, SK하이닉스(000660..",뉴스1 ,2024-06-25 17:24:46
"코스피, 사흘만에 2770선 회복… 외인·기관이 '쌍끌이'",https://n.news.naver.com/mnews/article/417/0001010477,코스피가 사흘만에 2770선을 회복했다. 엔비디아 등 미국 반도체주의 혼조 속에서도 외국인과 기관 매수세에 힘입어 지수가 오른 것이다...,머니S ,2024-06-25 17:23:33
"현대차, 노조 파업권 확보에도…인도IPO·실적개선에 '강세'[핫종목]",https://n.news.naver.com/mnews/article/421/0007623711,현대차(005380)가 인도법인 기업공개(IPO)과 실적개선 등 '호재'에 힘 입어 강세를 보이며 마감했다. 현대차 노조의 파업권 확보..,뉴스1 ,2024-06-25 17:23:08
 외인·기관 동반 매수에 2770선 안착[코스피 마감],https://n.news.naver.com/mnews/article/018/0005773502,25일 코스피 지수가 2770선 상승 마감했다. 코스피 지수는 나흘 만에 상승 전환했다. 외국인 투자자 자금이 삼성전자(005930)와..,이데일리 ,2024-06-25 17:19:13
“테슬라 주주로서 한 마디…엔비디아 하락? 귀엽네요” [투자360],https://n.news.naver.com/mnews/article/016/0002326842,‘테슬라 주주라면 엔비(디아) 지금? 귀엽다. (젠슨)황 회장 판다는데 그거 생각해야지. 지난주에도 팔고 계속 매도 때릴건데. 무섭지 ..,헤럴드경제 ,2024-06-25 17:02:24
역시 자발로는 안돼?…‘밸류업 공시’ 한 달인데 참여율 0.5% 고작 [투자360],https://n.news.naver.com/mnews/article/016/0002326840,국내 상장사들이 ‘코리아 디스카운트’(한국증시 저평가) 해소를 위해 기업가치 제고 계획을 알리는 ‘밸류업’(기업가치 제고) 공시 시행이..,헤럴드경제 ,2024-06-25 17:02:17
“더 떨어질지도 몰라”…슈퍼엔저 지속에 일학개미 가슴은 철렁 [투자360],https://n.news.naver.com/mnews/article/016/0002326839,일본 엔화가치가 다시 달러당 160엔대 코앞까지 추락하자 일본에 투자했던 ‘일학개미’들의 불안감이 커지고 있다. 이달 들어 엔화에 베팅..,헤럴드경제 ,2024-06-25 17:02:14
“조용히 ‘신고가’ 현비디아”·“외쳐 갓대차”…30만원 넘어 ‘목표가’ 40만원 도달 가능할까 [투자360],https://n.news.naver.com/mnews/article/016/0002326837,“현대차는 조용히 신고가를 기록하네요. 무림고수 같은 느낌으로 조용하고 강하게요.” (온라인 주식 커뮤니티) “내 주식 통장에서 현대차..,헤럴드경제 ,2024-06-25 16:54:14
엔비디아 급락에 관련 ETF도 ‘주르륵’… 고점 물린 개미 어쩌나,https://n.news.naver.com/mnews/article/366/0001000337,한투운용 ‘ACE 엔비디아밸류체인액티브’ 4.76% 하락 美 엔비디아 3거래일 연속 주가 내리막에 관련 ETF도 ‘휘청’ 미국 반도체 ..,조선비즈 ,2024-06-25 16:52:09
"엔비디아 고점서 판 투자자들, 코스피 찾을까…환율도 관건",https://n.news.naver.com/mnews/article/008/0005055360,코스피지수가 3거래일 만에 상승 마감했다. 강달러 현상이 소폭 진정된 가운데 외국인과 기관이 동반 매수에 나섰다. 증권가는 미국 뉴욕 ..,머니투데이 ,2024-06-25 16:47:52
"""짧은 납기가 강점"" 해외 수주 모멘텀에 K-방산주 상승세",https://n.news.naver.com/mnews/article/008/0005055359,국제 정세 불안이 지속되자 방산주가 해외 수출 기대감을 받으며 상승세를 보인다. 증권가에서는 수주 모멘텀(상승 여력)을 바탕으로 방산업..,머니투데이 ,2024-06-25 16:47:01
"김장회 행공 이사장 ""자산 26조 돌파""[fn마켓워치]",https://n.news.naver.com/mnews/article/014/0005204222,"김장회 행정공제회 이사장은 ""최근 자산 26조원을 돌파했다""며 ""자산이 매년 2조~3조원씩 증가하고 있다""고 25일 밝혔다. 행정공제회..",파이낸셜뉴스 ,2024-06-25 16:41:14
자고 일어났더니 시총 288조 증발…美 엔비디아 너무 올랐나,https://n.news.naver.com/mnews/article/629/0000299038,시총 1위 등극 후 3거래일 만에 13% 급락 2000년 시총 1위 시스코 폭락한 '닷컴 버블' 소환도 미국 인공지능(AI) 반도체 대..,더팩트 ,2024-06-25 16:40:14
"""고점 높은 성장산업""…MZ열기로 뜨거웠던 사모펀드 콘서트",https://n.news.naver.com/mnews/article/277/0005436851,최근 비트코인 현물 상장지수펀드(ETF)에 이어 이더리움도 현물 ETF 거래를 앞두고 있습니다. 가상자산 시장에 대해 어떻게 생각하십니..,아시아경제 ,2024-06-25 16:39:01
"[단독] 국민연금, 2024년 하반기 위탁증권사 47개사 선정...신한·대신證 등 탈락 '이변'",https://n.news.naver.com/mnews/article/014/0005204216,올해 하반기 자본시장 최대 큰손인 국민연금(NPS) 기금운용본부 거래 증권사의 베일이 공개됐다.가장 이목을 모았던 일반 거래증권사는 직..,파이낸셜뉴스 ,2024-06-25 16:33:14
 해상운임 고공행진에 물만난 해운株 '쭉쭉'[떡상해부],https://n.news.naver.com/mnews/article/001/0014768690,"후티 반군 홍해 상선 공격에 우회·파나마 운하는 가뭄에 통행제한 ""리스크 해소 시점 예측 어려워…성수기 고려하면 연말까지 업황 견조"" ..",연합뉴스 ,2024-06-25 16:33:00
`AI황제주` 엔비디아 급락… 삼전·하이닉스 떨고 있니,https://n.news.naver.com/mnews/article/029/0002882909,뉴욕증시의 기술주 랠리를 선두에서 이끌었던 엔비디아가 최근 급락한 가운데 국내 반도체 종목에 대한 투자심리도 덩달아 위축되지 않을지 우..,디지털타임스 ,2024-06-25 16:32:07
서학개미 맘 사로잡았다…토스증권의 '飛上',https://n.news.naver.com/mnews/article/031/0000847629,해외주식 개인투자자가 급증하면서 토스증권이 해외주식 중개서비스 부문에서 무서운 성장세를 보이고 있다. 토스증권은 해외주식 시장 점유율 ..,아이뉴스24 ,2024-06-25 16:31:08
밸류업 역행하는 자진상폐 급증,https://n.news.naver.com/mnews/article/031/0000847624,"정부가 국내 증시 저평가를 해소하기 위한 밸류업 프로그램을 추진하고 있지만, 도리어 상장을 폐지하려는 기업들이 늘고 있다. 업계에선 주..",아이뉴스24 ,2024-06-25 16:23:08
"한숨 돌린 코스피, 엔비디아發 된서리에도 사흘만에 반등(종합)",https://n.news.naver.com/mnews/article/001/0014768644,"외국인·기관 '사자'…AI열풍 소외됐던 대형주에 외인 자금 유입 삼전·SK하이닉스 상승 전환, 현대차그룹주 강세…코스닥 등락끝 강보합 ..",연합뉴스 ,2024-06-25 16:20:37
스팩주 IPO 흥행신화 마침표...상장 첫날 마이너스까지,https://n.news.naver.com/mnews/article/014/0005204205,IPO(기업공개) 승승장구하던 스팩(기업인수목적회사)주들이 상장 첫날 공모가를 밑돌며 흥행 신화에 마침표를 찍었다. 100%를 넘기던 ..,파이낸셜뉴스 ,2024-06-25 16:18:14
엔비디아 내리막에 국내 ETF도 ‘출렁’…이번주 주총 분기점 [투자360],https://n.news.naver.com/mnews/article/016/0002326819,미국 반도체 기업 엔비디아의 주가가 급락하자 국내 관련 상장지수펀드(ETF)도 25일 일제히 내림세를 나타냈다. 한국거래소에 따르면 이..,헤럴드경제 ,2024-06-25 16:18:11
"한중엔시엔스, 코스닥 데뷔 이튿날 '상한가' [핫종목]",https://n.news.naver.com/mnews/article/421/0007623474,한중엔시에스(107640)가 코스닥 이전상장 이튿날 상한가를 기록했다. 같은 날 신규 상장한 에스오에스랩(464080)은 공모가 대비 ..,뉴스1 ,2024-06-25 16:17:54
"LS증권, 범LG家 지붕 아래 '톱10' 진입할까",https://n.news.naver.com/mnews/article/243/0000061084,LS증권이 이베스트투자증권이라는 간판을 9년 만에 떼고 새로운 도약에 나섰다. 지난해 범LG가(家)이자 재계 서열 16위인 LS그룹에 ..,이코노미스트 ,2024-06-25 16:11:09
"""韓·美 중앙은행, 올 하반기 두 차례씩 금리인하 단행 전망""",https://n.news.naver.com/mnews/article/029/0002882893,금투협 채권포럼 개최…하반기 채권 및 크레딧시장 전망과 투자전략 모색 올 하반기 미국 중앙은행과 한국은행이 각각 2차례씩 금리인하를 단..,디지털타임스 ,2024-06-25 16:11:07
"코스피, 외인·기관 '사자'…2770선 마감",https://n.news.naver.com/mnews/article/277/0005436832,코스피가 외국인과 기관의 매수에 2770선에서 마감했다. 시가총액 상위 대부분의 종목이 보합권을 기록했다. 코스피는 25일 전거래일 대..,아시아경제 ,2024-06-25 16:09:36
 엔비디아 빠져도 삼성전자·SK하이닉스 올랐다[마켓뷰],https://n.news.naver.com/mnews/article/366/0001000319,코스피지수가 3거래일 만에 반등했다. 미국 뉴욕증시에서 반도체 기업 엔비디아를 비롯한 인공지능(AI) 관련 종목들이 약세를 이어간 것과..,조선비즈 ,2024-06-25 16:07:10
"남양유업 인수한 한앤코의 공식적인 첫 수, 자기주식 취득",https://n.news.naver.com/mnews/article/009/0005324476,"배당률 상승 등 주주 가치 제고 남양유업, 5%대 상승세 남양유업을 인수한 사모펀드 운용사(PEF) 한앤컴퍼니의 공식적인 첫 수는 자기..",매일경제 ,2024-06-25 16:00:07
"""레고랜드發 '회사채 시장 양극화', 올 들어 해소 시작""",https://n.news.naver.com/mnews/article/001/0014768563,크레딧물 수요 늘며 우량·비우량채 금리 차 ↓ 레고랜드 사태 이후 벌어졌던 우량 등급(AA- 이상)과 비우량 등급(A+ 이하) 회사채 ..,연합뉴스 ,2024-06-25 16:00:01
코스피는 해운株 홀릭...외인·기관 '사자',https://n.news.naver.com/mnews/article/014/0005204182,"해운업종이 연일 강세다. 해상운임이 상승하고, 환경 규제가 강화되면서 선박 교체 수요가 지속될 것이란 전망이다. 25일 한국거래소에 따..",파이낸셜뉴스 ,2024-06-25 15:56:18
"채권개미, 후순위채까지 '노크'…불법 판매 우려도",https://n.news.naver.com/mnews/article/008/0005055310,"올들어 개인들의 채권에 대한 관심이 높아지고 있는 가운데, 금융사들이 발행하는 자본성증권에 투자하는 경우도 늘고 있는 것으로 나타났다...",머니투데이 ,2024-06-25 15:55:11
"""롤러코스터 탄 AI""…코스피, 기관 매수에 상승 마감",https://n.news.naver.com/mnews/article/015/0005001579,"코스피가 상승마감했다. 지수는 올랐지만, 개별 종목 주가는 롤러코스터를 탔다. 장 초반 강세를 보였던 종목들은 상승분을 반납하거나 하락..",한국경제 ,2024-06-25 15:54:11
"시공사들, 불황에 ‘울며 겨자먹기’로 공사비 대신 물류센터 떠안는다",https://n.news.naver.com/mnews/article/009/0005324468,부동산 시장 불황에 시공사들이 직접 시공한 물류센터를 떠안고 있다. 자산을 인수해 시장이 반등할 때까지 기다렸다가 적절한 시기에 엑시트..,매일경제 ,2024-06-25 15:53:10
"게임주, 전반적 강세 마감…엔씨소프트 7%↑",https://n.news.naver.com/mnews/article/009/0005324465,"게임주가 전반적인 강세로 마감했다. 엔씨소프트와 드래곤플라이가 7%대, 컴투스 5.13%, 넥슨게임즈와 플레이위드가 4%대, 컴투스홀딩..",매일경제 ,2024-06-25 15:50:10
외국인 매수에 840선 강보합…제약주 두각[코스닥 마감],https://n.news.naver.com/mnews/article/018/0005773405,코스닥이 4거래일 만에 소폭 상승 마감했다. 25일 마켓포인트에 따르면 코스닥 지수는 전거래일 대비 0.47포인트(0.06%) 상승한 ..,이데일리 ,2024-06-25 15:47:08
“자다 깨서 폰 봤는데 눈물이 콸콸”...연이은 악재에 비트코인 8% 급락,https://n.news.naver.com/mnews/article/009/0005324462,"마운트곡스, 7월 매도 공식화 ETF 7일 연속 순유출 영향도 하락하던 비트코인이 새벽시간 8% 가량 급락하며 한 때 6만달러선 아래로..",매일경제 ,2024-06-25 15:45:10
"“주춤해진 금 가격, 3분기엔 뛴다···지금이 저가매수 기회”",https://n.news.naver.com/mnews/article/009/0005324460,지난달 2450달러 육박한 금값 달러강세로 2300달러대 하락 지정학 위기·중앙은행 금 선호로 올 3분기부터 반등 예측 잇따라 BofA..,매일경제 ,2024-06-25 15:43:07
"'화성 화재' 에스코넥 ""깊은 애도와 사죄""…뭐하는 회사길래",https://n.news.naver.com/mnews/article/015/0005001565,"박순관 에스코넥 대표가 리튬 배터리 자회사인 아리셀 공장 '화재 참사'와 관련해 대국민 사과를 한 가운데, 코스닥 상장사 '에스코넥'에..",한국경제 ,2024-06-25 15:35:13
"유나이티드헬스, 드디어 매수 기회가 왔다 (영상)",https://n.news.naver.com/mnews/article/018/0005773391,미국 최대 헬스케어 및 보험서비스 제공 기업 유나이티드헬스 그룹(UNH)에 대해 매력적인 매수 구간에 진입했다는 평가가 월가로부터 나왔..,이데일리 ,2024-06-25 15:34:08
금감원 ‘채권개미’ 대상 편법영업에 칼 …내일 한투·유진證 검사 [투자360],https://n.news.naver.com/mnews/article/016/0002326788,증권업계의 '채권 개미'들을 상대로 한 편법 영업 관행에 금융감독원이 본격적으로 칼을 빼 든다. 그간 기관 중심이었던 채권 영업 및 판..,헤럴드경제 ,2024-06-25 15:33:07
"""엔비디아, 80% 대폭락 나올 수도"" 닷컴버블 재연 우려",https://n.news.naver.com/mnews/article/277/0005436795,"거침없이 고공행진하던 인공지능(AI) 대장주 엔비디아가 사흘 만에 주가가 13% 폭락, 조정 국면에 진입하면서 2000년대 초반 '닷컴..",아시아경제 ,2024-06-25 15:28:54
기업투자 묶인 돈만 50조 역대 최고,https://n.news.naver.com/mnews/article/030/0003217512,50조원에 육박하는 자금이 투자처를 찾지 못하고 있다. 역대 최고 수준이다. 지난해부터사모펀드(PEF)와 벤처캐피털(VC) 모두 투자금..,전자신문 ,2024-06-25 15:22:12
‘또 한국투자證?‘ 파두에 이노그리드까지…IPO 신뢰 회복 시험대,https://n.news.naver.com/mnews/article/629/0000298967,올해 상반기 IPO 상장 주관 순위 뒷걸음질 한국투자증권의 기업공개(IPO) 입지가 흔들리고 있다. 사상 초유의 이노그리드 상장 무효로..,더팩트 ,2024-06-25 15:15:16
"기업가치 3.5兆 고평가 우려에… 시프트업 ""회사의 미래 성장성 봐달라""",https://n.news.naver.com/mnews/article/366/0001000294,"“스텔라 블레이드, 판매량 100만장 돌파 추정” ”스텔라 블레이드 성장 반영하면 기업가치 더 높아질 것” 최대 3조5000억원의 시가..",조선비즈 ,2024-06-25 15:14:14
"SK하이닉스 시총 > 현대차그룹 시총…""AI 반도체 효과""",https://n.news.naver.com/mnews/article/008/0005055275,SK하이닉스가 HBM(고대역폭 메모리) 수요에 힘입어 현대자동차그룹 전체를 웃도는 규모로 시가총액이 불어났다. SK하이닉스 주가는 코스..,머니투데이 ,2024-06-25 15:06:54
"‘양압기 회사’ 레스메트, 일라이릴리 탓에 급락…무슨일이 (영상)",https://n.news.naver.com/mnews/article/018/0005773354,24일(현지시간) 뉴욕증시 3대 지수는 혼조세로 마감했다. 그동안 상대적으로 부진한 흐름을 보였던 다우지수는 0.7% 오른 반면 사상 ..,이데일리 ,2024-06-25 15:05:09
 중국과 다른 美 화장품 시장…기형적 유통구조서 탈피[마켓칼럼],https://n.news.naver.com/mnews/article/015/0005001552,※한경 마켓PRO 텔레그램을 구독하시면 프리미엄 투자 콘텐츠를 보다 편리하게 볼 수 있습니다. 텔레그램에서 ‘마켓PRO’를 검색하면 가..,한국경제 ,2024-06-25 15:01:09
"‘시총 3.5조 대어’ 시프트업, IPO 흥행 자신... “성장성 봐달라”",https://n.news.naver.com/mnews/article/014/0005204137,"시프트업이 코스피 상장을 통해 게임 개발 역량을 강화하고, ‘의도된 성공’을 이어가겠다는 포부를 밝혔다. 시프트업이 예정대로 공모가 상..",파이낸셜뉴스 ,2024-06-25 14:57:10
"""즐거움엔 끝이 없다""…들뜨는 게임株 [엔터프라이스]",https://n.news.naver.com/mnews/article/215/0001167982,"우리나라가 잘하는 게 참 많이 있지만, '게임'도 빼놓을 수 없습니다. 이젠 '민속놀이'라고도 불리는 스타크래프트를 시작으로, 최근 리..",한국경제TV ,2024-06-25 14:56:07
"""거품이었나""…시총 앞자리 바뀐 엔비디아, 주가 변곡점은",https://n.news.naver.com/mnews/article/003/0012627594,미국 반도체 기업 엔비디아 주가가 3거래일 만에 13% 가까이 급락하면서 달리는 주가에 올라탔던 개인투자자들이 아우성이다. 고대역폭메모..,뉴시스 ,2024-06-25 14:49:02
"시프트업 ""'스텔라블레이드' 100만장 돌파…또 한번 성공 자신""",https://n.news.naver.com/mnews/article/015/0005001535,게임 개발사에 가장 중요한 것은 우연이 아닌 '의도된 성공'이다. 우리는 설립 후 내놓은 세 작품을 시장에서 인정받았다. 성공 DNA를..,한국경제 ,2024-06-25 14:44:17
"대출한도 더 줄이는 '2단계 스트레스DSR' 적용, 9월로 밀린다",https://n.news.naver.com/mnews/article/469/0000808611,정부가 내달부터 시행하기로 한 '스트레스 총부채원리금상환비율(DSR) 2단계 조치'를 9월로 미뤘다. 서민·자영업자를 위한 범정부 대책..,한국일보 ,2024-06-25 14:40:18
코스피 도전장 내민 '3조 대어' 시프트업…게임사 시총 4위 노린다,https://n.news.naver.com/mnews/article/421/0007622882,게임사 시프트업(462870)이 코스피시장 상장에 도전장을 내밀었다. 시프트업이 청약에서 흥행에 성공한다면 국내 게임사 중 시가총액 4..,뉴스1 ,2024-06-25 14:36:35
‘조 단위 대어’ 시프트업 “밸류업 발맞춰 주주가치 극대화”,https://n.news.naver.com/mnews/article/119/0002843481,올해 기업공개(IPO) 시장에서 조(兆) 단위 대어로 꼽히는 시프트업이 상장 이후 안정적인 주가 흐름이 형성되면 주주들과의 소통을 통해..,데일리안 ,2024-06-25 14:36:12
“中대기업 계약인 줄 알았더니 구글링해도 안나오는 소기업”… 발주처 미공개 공시제도 허점,https://n.news.naver.com/mnews/article/366/0001000277,대규모 공급 계약 공시해 주가 띄운 후 돌연 계약 해지 발표 계약 상대·금액도 안 밝혀… 제도 빈틈 악용한 깜깜이 공시 늘어 호재성 공..,조선비즈 ,2024-06-25 14:29:13
"비트코인, 장중 6만달러 또 붕괴… 이번엔 '마운트곡스' 물량 우려",https://n.news.naver.com/mnews/article/417/0001010399,비트코인 가격이 장중 6만달러 아래로 떨어지는 등 약세를 면치 못하고 있다. 비트코인 가격이 6만달러 아래로 떨어진 것은 올해 5월1일..,머니S ,2024-06-25 14:19:49
코스피 상장 앞둔 시프트업 “시총 3兆 고평가? 인프라 투자로 성장 이어갈 것”  [투자360],https://n.news.naver.com/mnews/article/016/0002326739,유가증권시장 상장을 추진 중인 게임 개발사 ‘시프트업’ 김형태 대표가 24일 간담회를 열고 “상장 후 게임 개발 인프라 등 개발 역량을..,헤럴드경제 ,2024-06-25 14:18:12
급락 또 급락 비트코인···한 때 5만8000달러까지 밀려[매일코인],https://n.news.naver.com/mnews/article/009/0005324363,연일 급락세를 이어가는 비트코인이 지난 24일 한 때 지난달 3일 이후 53일만에 처음으로 5만8000달러까지 떨어졌다. 비트코인은 지..,매일경제 ,2024-06-25 14:12:13
"삼성전자, 美 반도체 약세에도 아랑곳…장 중 1%대 상승[핫종목]",https://n.news.naver.com/mnews/article/421/0007622731,삼성전자(005930)가 최근 글로벌 반도체 조정에도 불구하고 장중 1%대 강세를 보이고 있다. 한국거래소에 따르면 25일 오후 1시5..,뉴스1 ,2024-06-25 14:10:18
가상자산사업자 파산해도 은행이 이용자 예치금 돌려준다,https://n.news.naver.com/mnews/article/008/0005055226,"가상자산이용자보호법(이용자보호법) 시행령 제정안이 국무회의를 통과했다. 이용자 예치금과 가상자산의 보호, 불공정거래행위 금지에 대한 세..",머니투데이 ,2024-06-25 14:06:37
"에스바이오메딕스, 10억 달러 블루락 이겼다… 저용량 투여군만으로 효능 우세",https://n.news.naver.com/mnews/article/008/0005055221,에스바이오메딕스의 파킨슨병 치료제(TED-A9)가 임상시험 중간결과 독일 바이엘의 자회사 블루락테라퓨틱스가 개발 중인 'BRT-DA01..,머니투데이 ,2024-06-25 14:03:48
 운임 상승에 해운株 '고공행진'… HMM·대한해운 등↑[STOCK],https://n.news.naver.com/mnews/article/417/0001010385,해상 운임이 지속해서 상승하며 해운 관련주 주가가 일제히 오르고 있다. 25일 한국거래소에 따르면 이날 오후 1시48분 HMM은 전 거..,머니S ,2024-06-25 13:57:53
"코스닥, 기관 매도에 장중 840선 붕괴…케어젠 6%대↓",https://n.news.naver.com/mnews/article/018/0005773264,코스닥이 장중 840선 아래로 내려가며 약세를 나타내고 있다. 25일 마켓포인트에 따르면 오후 1시51분 코스닥 지수는 전거래일 대비 ..,이데일리 ,2024-06-25 13:57:11
"""글로벌 투자자, 韓 세제 혜택 논의 환영…가치주 관심 고조""",https://n.news.naver.com/mnews/article/215/0001167972,"한국 시장에서 밸류업 프로그램이 성공적으로 안착하려면, 시장의 선순환이 중요하다. 기업들이 지속 가능한 수익을 내야 투자자들에 의해 적..",한국경제TV ,2024-06-25 13:56:54
술 하루 2잔은 안전?…미국서 지침 개정 앞두고 적정 음주량 설전,https://n.news.naver.com/mnews/article/277/0005436692,미국 정부가 국민 건강을 위해 5년마다 발간하는 '식생활지침(dietary guideline)' 개정을 앞두고 적정 음주량에 대한 설전..,아시아경제 ,2024-06-25 13:54:52
 '30여 명 사상' 화성 배터리 공장 화재…에스코넥 주가 4%대 하락[ET라씨로],https://n.news.naver.com/mnews/article/030/0003217443,ET라씨로는 인공지능(AI) 기반으로 선별·분석한 주식 정보와 종목 매매 신호를 제공하는 전자신문 증권 정보 애플리케이션입니다. 플레이..,전자신문 ,2024-06-25 13:52:18
"대신證 ""하반기 코스피 3200 간다...미국 대신 신흥국 주목""",https://n.news.naver.com/mnews/article/014/0005204073,하반기 코스피가 3200선까지 상승할 것이란 전망이 나왔다. 금리 인하와 세계국채지수(WGBI) 편입이 상승 모멘텀이 될 수 있을 것이..,파이낸셜뉴스 ,2024-06-25 13:50:17
"""하반기 코스피 상단 3200선 열어둬야…경기·통화정책 증시 우호적""",https://n.news.naver.com/mnews/article/421/0007622632,"코스피가 상반기 글로벌 주요 증시 대비 부진한 모습을 보였으나, 올해 하반기에는 코스피 상단을 3200까지 볼 수 있다는 전망이 나왔다..",뉴스1 ,2024-06-25 13:48:52
"""달러약세·금리인하 코스피에 호재…연내 3200 간다""",https://n.news.naver.com/mnews/article/029/0002882832,"이경민 대신증권 FICC리서치부장이 달러 약세와 금리인하, 기업의 실적 개선 등에 힘입어 코스피가 하반기 3200까지 오를 수 있다는 ..",디지털타임스 ,2024-06-25 13:45:00
"삼성證, ‘로보굴링’ 가입자 3만8천명 돌파",https://n.news.naver.com/mnews/article/119/0002843441,"삼성증권은 ‘로보굴링’ 서비스 가입자가 지난달 말 기준 3만 8000명을 돌파했다고 25일 밝혔다. 2~30대가 21.8%, 40대가 ..",데일리안 ,2024-06-25 13:42:18
"카카오뱅크, 모바일 환전지갑 '달러박스' 서비스 출시(종합)",https://n.news.naver.com/mnews/article/001/0014767801,환전·ATM 수수료 1년 무료…'달러 선물하기' 서비스도 연말까지 트래블월렛서 달러→다른 통화 환전 수수료 면제 인터넷전문은행 카카오뱅..,연합뉴스 ,2024-06-25 13:33:29
조정장 왔나…엔비디아 담은 ETF도 `출렁`,https://n.news.naver.com/mnews/article/029/0002882824,인공지능(AI) 투자 열풍을 이끌던 미국 반도체 기업 엔비디아 주가가 급락한 가운데 이 종목을 담은 국내 상장지수펀드(ETF) 가격도 ..,디지털타임스 ,2024-06-25 13:27:07
“차세대 엔비디아 찾아라” 美 AI 톱10 ETF 상장 러시,https://n.news.naver.com/mnews/article/030/0003217408,글로벌 인공지능(AI) 산업을 주도하는 미국 빅테크 주식에 집중투자하는 상장지수펀드(ETF)가 25일 국내 증시에 대거 상장했다. 향후..,전자신문 ,2024-06-25 13:19:16
대전 분양가 상승세 속 '관저 푸르지오 센트럴파크' 3차 임의공급 나서,https://n.news.naver.com/mnews/article/011/0004357668,"대전 분양시장의 분양가 상승세가 거침없이 이어지고 있다. 실제 대전에서는 민간 아파트의 3.3㎡당 평균 분양가격이 1,800만원 대를 ..",서울경제 ,2024-06-25 13:05:07
"'기안84' 쥐어짜내던 이 남자, 900억 돈벼락 맞는다…무슨 일",https://n.news.naver.com/mnews/article/025/0003369050,네이버웹툰이 미국 증권시장에서 기업공개(IPO)에 나선다. 만화가 '기안84'에게 직접 원고를 독촉했던 실무자 출신의 김준구 대표는 스..,중앙일보 ,2024-06-25 13:04:09
"""한국 5% 오를 동안 일본 15%·대만 30% 뛰었다"" 코스피 향배는",https://n.news.naver.com/mnews/article/008/0005055168,한국 코스피지수가 올해 상반기 일진일퇴를 거듭하면서 상승률이 주요 금융강국 지수들을 상당폭 밑돈 것으로 나타났다. 주요 신흥국 가운데는..,머니투데이 ,2024-06-25 12:35:30
"방향성 부재에 좁은 레인지…장중 환율, 1380원 중후반대 등락[외환분석]",https://n.news.naver.com/mnews/article/018/0005773193,원·달러 환율이 장중 1380원 중후반대에서 등락을 오가고 있다. 외환시장에 특별한 이벤트가 부재한 가운데 환율이 방향성을 찾지 못하고..,이데일리 ,2024-06-25 12:17:10
"엔비디아 조정국면, ‘닷컴버블 붕괴’ 시스코·인텔 따라가나",https://n.news.naver.com/mnews/article/018/0005773192,미국 반도체 기업 엔비디아가 최근 사흘 연속 급락하면서 2000년초 닷컴버블 붕괴가 연상된다는 우려의 목소리가 나오고 있다. 당시 치솟..,이데일리 ,2024-06-25 12:15:07
"韓·日 거래소 수장 만나 '밸류업' 논의…""韓 인센티브 긍정적""",https://n.news.naver.com/mnews/article/215/0001167957,정은보 한국거래소 이사장과 이와나가 모리유키 도쿄증권거래소 대표이사가 만나 한국과 일본의 기업가치 제고 프로그램에 대한 논의를 진행했다..,한국경제TV ,2024-06-25 12:06:42
'70년대생 영리더'…후계 구상 이른 한앤코[마켓인],https://n.news.naver.com/mnews/article/018/0005773179,이 기사는 2024년06월25일 06시00분에 마켓인 프리미엄 콘텐츠로 선공개 되었습니다. 사모펀드가 국내에 태동한지 20년이 지났다...,이데일리 ,2024-06-25 12:01:22
"20년물 입찰 소화하며 금리 소폭 하락…3년물, 0.9bp↓[채권분석]",https://n.news.naver.com/mnews/article/018/0005773173,25일 국내 국고채 시장은 20년물 입찰을 소화한 가운데 금리가 일제히 하락 중이다. 금리와 환율 모두 제한적인 흐름을 보이는 만큼 시..,이데일리 ,2024-06-25 12:00:09
"대신證, “글로벌 경제·반도체 업황 개선...코스피 3200 가능”",https://n.news.naver.com/mnews/article/119/0002843413,"글로벌 경제 확장 및 금리 인하, 반도체 업황 개선이 맞물리면서 증시의 상승 추세가 예상되고는 가운데 하반기 코스피 상단을 3200선까..",데일리안 ,2024-06-25 11:58:14
"코스피 장중 오름폭 키워 2,770대…삼전 오르고 SK하이닉스 보합",https://n.news.naver.com/mnews/article/001/0014767348,"외국인·기관 동반 순매수…'엔비디아 충격' 반도체株 낙폭 줄여 해운주, 현대차·현대모비스 상승세…코스닥은 하락세 코스피가 25일 외국인..",연합뉴스 ,2024-06-25 11:42:15
‘갓비디아’ 흔들… 시총 2080억달러 증발,https://n.news.naver.com/mnews/article/021/0002644880,3거래일간 12.8% 급락…3위로 월가 큰손들 주식 전량매각 확인 고객사 자체AI개발도 하락 한몫 일각 “수익성 최고점” 거품론에 AI..,문화일보 ,2024-06-25 11:39:22
엔비디아 그리고 글로벌 인공지능 랠리,https://n.news.naver.com/mnews/article/016/0002326669,‘엔비디아 그리고 글로벌 인공지능(AI) 랠리’. 올 상반기 글로벌 주요 증시로 향했던 개미(소액 개인 투자자)들의 투자 트렌트를 설명..,헤럴드경제 ,2024-06-25 11:37:26
대신證 “하반기 코스피 3100 넘을수도”,https://n.news.naver.com/mnews/article/016/0002326668,"글로벌 경제의 확장 국면 속에 제조업 중심의 비(非) 미국 국가들의 경기 회복세가 뚜렷해지고, 미국 연방준비제도(Fed·연준)를 비롯한..",헤럴드경제 ,2024-06-25 11:37:24
"동학개미, 안전자산 ‘金·달러곱버스’ 베팅",https://n.news.naver.com/mnews/article/016/0002326667,"미국 고금리 장기화 속에 강달러 기조가 이어지고 있지만, 동학개미들은 달러 대신 ‘더 안전한 자산’ 금(金)에 베팅하고 있다. 환율이 ..",헤럴드경제 ,2024-06-25 11:37:21
"'제습기, 오늘 주문하면 내일 받는다' …위닉스, 유통사와 익일배송 실시",https://n.news.naver.com/mnews/article/008/0005055140,"생활가전 브랜드 위닉스는 G마켓, 11번가, 쿠팡, 네이버 등 주요 온라인 유통사를 통해 '제습기' 및 '창문형 에어컨' 익일배송 서비..",머니투데이 ,2024-06-25 11:34:09
"일본 밸류업 주인공 ""결국 기업 펀더멘털이 핵심""",https://n.news.naver.com/mnews/article/215/0001167952,PBR 1배 미만 기업에 시정을 요구하는 '기업지배구조 개선'이 어떻게 성공할 수 있었는지 자주 질문을 받곤 한다. 도쿄증권거래소는 늘..,한국경제TV ,2024-06-25 11:25:26
코스피는 반등… 코스닥은 840선 내줘,https://n.news.naver.com/mnews/article/366/0001000234,"코스피지수가 25일 오전 2770선을 하루 만에 되찾은 반면, 코스닥지수는 내림세를 보이며 840선을 내줬다. 코스피지수는 이날 오전 ..",조선비즈 ,2024-06-25 11:23:12
끝없는 엔저에 일학개미 탈출 나섰다…15개월 만에 매도 우위,https://n.news.naver.com/mnews/article/009/0005324291,환 헤지 미국채 ETF 팔고 환 노출형으로 갈아타 일본 증시와 엔화 가치가 반등 기색을 보이지 않자 ‘일학개미 엑소더스’가 시작됐다. ..,매일경제 ,2024-06-25 11:22:08
 밸류업 기대감에 신한지주 순매수 1위[주식 초고수는 지금],https://n.news.naver.com/mnews/article/011/0004357630,미래에셋증권에서 거래하는 고수익 투자자들이 24일 오전 가장 많이 순매수한 종목은 신한지주(055550)로 나타났다. 이외에 현대차(0..,서울경제 ,2024-06-25 11:14:18
"""천국의 계단?""…테크윙, 올해 주가 5배 뛴 배경은",https://n.news.naver.com/mnews/article/003/0012626659,"반도체 장비업체 테크윙의 주가가 올 들어서만 5배 가까이 뛴 배경에 관심이 모이고 있다. 테크윙의 주가는 올 초 1만원대에 머물렀지만,..",뉴시스 ,2024-06-25 11:12:20
"한투운용, ETF 10조 돌파… KB와 점유율 1%이내로 '맹추격'",https://n.news.naver.com/mnews/article/417/0001010340,한국투자신탁운용이 상장지수펀드(ETF) 시장에서 순자산 기준으로 3위 KB자산운용을 맹추격하고 있다. 25일 한국거래소에 따르면 전날(..,머니S ,2024-06-25 11:05:17
"""코스피 3,200 간다""…미국 보다 여기 '주목'",https://n.news.naver.com/mnews/article/215/0001167935,"그간 글로벌 증시 대비 부진했던 코스피 지수가 올해 하반기 3,200선까지 상승할 수 있을 것이라는 전망이 나왔다. 이경민 대신증권 F..",한국경제TV ,2024-06-25 10:46:14
"""소부장 국산화는 국가 안보"" 배지·레진 사업 본격 나선 아미코젠",https://n.news.naver.com/mnews/article/008/0005055085,매일같이 수조원의 자금이 오가는 증시는 정보의 바다이기도 합니다. 정확한 정보보다는 거품을 잡아 손실을 보는 경우가 많습니다. 머니투데..,머니투데이 ,2024-06-25 10:41:51
허위공시에 관대한 나라[기자수첩],https://n.news.naver.com/mnews/article/277/0005436568,최근 배우 견미리 씨 남편 이홍헌 씨의 주가조작 사건이 대법원에서 유죄 취지로 파기 환송됐다. 이 씨 등은 코스닥 상장사 보타바이오를 ..,아시아경제 ,2024-06-25 10:40:39
"대신증권 ""하반기 코스피 3,200 가능…9월 세계국채지수 편입 주목""",https://n.news.naver.com/mnews/article/001/0014767013,"코스피 상대적 약세는 ""채권금리 반등·성장주 부진 영향"" 하반기 2,620∼3,200 전망 ""반도체·수출주 유망…신흥국 상대적 강세 예..",연합뉴스 ,2024-06-25 10:39:11
"KCGI 미국S&P500 TOP10, 테슬라 빼고 일라이릴리 편입",https://n.news.naver.com/mnews/article/243/0000061068,"미국 시가총액 상위 종목으로 구성된 KCGI 미국S&P500 TOP10 ETF에 일라이릴리, 브로드컴, JP모건등 3개 종목이 새롭게 ..",이코노미스트 ,2024-06-25 10:39:09
가상자산회사 망해도 은행이 예치금 돌려준다 [투자360],https://n.news.naver.com/mnews/article/016/0002326544,다음달 19일부터 시행되는 가상자산이용자보호법의 세부사항을 규율하는 가상자산이용자보호법 시행령(제정안)이 25일 국무회의에서 의결됐다...,헤럴드경제 ,2024-06-25 10:38:12
대신證 “하반기 코스피 3100 넘을 수도…美 연준 연내 2회(50bp) 금리 인하 기대” [투자360],https://n.news.naver.com/mnews/article/016/0002326537,"글로벌 경제의 확장 국면 속에 제조업 중심의 비(非) 미국 국가들의 경기 회복세가 뚜렷해지고, 미국 연방준비제도(Fed·연준)를 비롯한..",헤럴드경제 ,2024-06-25 10:32:11
해상운임 상승에 해운주 동반 급등…STX그린로지스 25%대↑,https://n.news.naver.com/mnews/article/008/0005055049,해운 운임 상승세에 해운주가 동반 강세다. 25일 오전9시52분 기준 코스피 시장에서 STX그린로지스는 전일 대비 2760원(25.21..,머니투데이 ,2024-06-25 10:15:53
"시노펙스, '시노펙스 베트남' 창사 이래 첫 배당",https://n.news.naver.com/mnews/article/003/0012626392,시노펙스는 해외 자회사인 '시노펙스 베트남' 법인이 설립 10년만에 첫 배당을 실시했다고 25일 밝혔다. 시노펙스는 2014년 7월 베..,뉴시스 ,2024-06-25 10:10:45
"""내년 3,000달러 넘긴다""...金 강세론 확산",https://n.news.naver.com/mnews/article/215/0001167916,금 가격이 몇 달 동안 박스권에서 횡보하고 있는 가운데 글로벌 투자은행 뱅크오브아메리카(BofA)가 금 강세론을 주장하고 나섰다. 24..,한국경제TV ,2024-06-25 10:02:52
삼성증권 ‘로보굴링’ 가입자 3만8000명 돌파…인기 비결은,https://n.news.naver.com/mnews/article/018/0005773012,"삼성증권은 ‘로보굴링’ 서비스 가입자가 지난달 말 기준 3만 8000명을 돌파했다고 25일 밝혔다. 2~30대가 21.8%, 40대가 ..",이데일리 ,2024-06-25 09:55:12
"KB證 “3Q 인하 기대에 따른 외인 매수, 7월 금통위 이후 전환될 수도”",https://n.news.naver.com/mnews/article/018/0005773010,KB증권은 지난 24일 최근 외국인의 국채선물 매수세 배경으로 투자 헤지펀드인 CTA 그리고 한국은행 3분기 금리인하 베팅을 꼽았다. ..,이데일리 ,2024-06-25 09:55:08
비엘팜텍-대한석탄공사 공동 소유 ‘몽골 석탄광산’ 매각 본격화,https://n.news.naver.com/mnews/article/014/0005203903,비엘팜텍이 대한석탄공사와 공동으로 소유하고 있는 몽골 홋고르샤나가 석탄광산의 매각이 본격화 될 전망이다. 25일 비엘팜텍에 따르면 몽골..,파이낸셜뉴스 ,2024-06-25 09:51:09
"""주가 빠지면 더 담아라"" 증권가 분석에…화승엔터, 5% 강세",https://n.news.naver.com/mnews/article/008/0005055024,화승엔터프라이즈가 장 중 5%대 강세를 나타낸다. 25일 오전 9시 45분 기준 코스피 시장에서 화승엔터프라이즈는 전날보다 410원(5..,머니투데이 ,2024-06-25 09:50:42
"코스피, 엔비디아發 찬바람에도 상승 전환…반도체株 하락(종합)",https://n.news.naver.com/mnews/article/001/0014766790,"삼성전자 보합·SK하이닉스 2% 하락…한미반도체 등 HBM 종목 약세 반도체 차익실현 매물 출회, 해운주는 급등…코스닥은 내려 코스피가..",연합뉴스 ,2024-06-25 09:45:14
"비트코인 폭락 경고음...""지지선 붕괴시 5만달러로 추락""",https://n.news.naver.com/mnews/article/215/0001167910,월가에서 차트 분석 달인으로 불리는 케이티 스톡턴 페어리드 스트레티지 설립자가 비트코인 추가 하락 가능성을 경고하고 나섰다. 24일(현..,한국경제TV ,2024-06-25 09:42:28
큰손들 SK하이닉스 팔고 이 종목 쓸어담더니…주가 날았다,https://n.news.naver.com/mnews/article/015/0005001410,현대차그룹주가 호실적 전망에 장 초반 강세다. 25일 오전 9시35분 현재 현대차는 전일 대비 8500원(3.02%) 오른 28만950..,한국경제 ,2024-06-25 09:42:13
" ‘보관액·순매수액 1위’ 엔비디아, 새 역사 속 조정 우려…서학개미 美 편식 이어질까 [투자360][자본시장 상반기결산②-해외주식]",https://n.news.naver.com/mnews/article/016/0002326470,엔비디아. 그리고 엔비디아가 주도했던 글로벌 인공지능(AI) 랠리. 올 상반기 글로벌 주요 증시로 향했던 개미(소액 개인 투자자)들의 ..,헤럴드경제 ,2024-06-25 09:37:06
엔비디아 3거래일째 하락세…SK하이닉스·한미반도체 '급락',https://n.news.naver.com/mnews/article/008/0005055014,엔비디아 주가 급락 여파로 '엔비디아 밸류체인'으로 꼽히는 SK하이닉스와 한미반도체가 장 초반 약세다. 25일 오전 9시25분 기준 코..,머니투데이 ,2024-06-25 09:36:52
22명 목숨 앗아간 '화성 공장화재'…모회사 에스코넥 주가 7%대↓[핫종목],https://n.news.naver.com/mnews/article/421/0007621597,리튬 일차전지 제조업체 아리셀의 경기 화성 공장 화재로 사망자가 20명이 넘을 것으로 예상되는 가운데 해당 공장의 실소유주인 모회사 에..,뉴스1 ,2024-06-25 09:34:30
이스라엘·헤즈볼라 전면전 가능성에…석유 테마 '들썩',https://n.news.naver.com/mnews/article/015/0005001403,"끝나지 않는 중동 지역 군사적 긴장에 국제유가가 상승하자, 석유 관련 테마주들이 들썩이고 있다. 25일 오전 9시24분 현재 중앙에너비..",한국경제 ,2024-06-25 09:34:12
"""EU 전기차 관세 인상 반대해달라""…中, 獨에 관세 특혜 제안",https://n.news.naver.com/mnews/article/277/0005436460,중국이 유럽연합(EU)의 전기차 관세 인상 철회에 힘을 실어 달라며 독일에 고배기량 차량 관세 인하 혜택을 제안한 것으로 알려졌다. 2..,아시아경제 ,2024-06-25 09:32:18
"해운주, 해상운임 강세에 동반 '급등'…STX그린로지스 28%↑",https://n.news.naver.com/mnews/article/015/0005001401,해운주가 홍해사태 장기화로 해상운임이 강세를 보이면서 일제히 급등하고 있다. 25일 오전 9시23분 현재 STX그린로지스는 전일 대비 ..,한국경제 ,2024-06-25 09:32:14
"대신證 “LG전자, 2분기 어닝 서프라이즈 전망”",https://n.news.naver.com/mnews/article/011/0004357525,대신증권(003540)이 LG전자(066570)가 2분기 ‘어닝 서프라이즈’를 기록할 것으로 전망했다. 대신증권은 LG전자가 2분기 1..,서울경제 ,2024-06-25 09:30:13
"""美 엔비디아 급락에""…대표 수혜주 SK하이닉스 2%대 뚝",https://n.news.naver.com/mnews/article/003/0012626213,인공지능(AI) 대표기업 엔비디아가 연일 급락세를 보이자 SK하이닉스가 장 초반부터 하락세를 보이고 있다. 25일 오전 9시17분 현재..,뉴시스 ,2024-06-25 09:29:10
"코스피, 강보합 출발…엔비디아 악재에 SK하이닉스 `휘청`",https://n.news.naver.com/mnews/article/029/0002882717,간밤 미국 뉴욕증시에서 3대 지수가 혼조세를 보인 가운데서도 코스피는 25일 강보합 출발했다. 다만 엔비디아 급락 여파로 대장주 삼성전..,디지털타임스 ,2024-06-25 09:28:07
"“부동산 PF 여파… DGB금융, 2분기 실적 상당한 부진 예상” 하나증권",https://n.news.naver.com/mnews/article/138/0002176034,하나증권이 25일 DGB금융의 2분기 실적에 대해 상당한 부진이 예상된다면서 투자의견 ‘매수(Buy)’를 유지하지만 목표주가는 기존 1..,디지털데일리 ,2024-06-25 09:27:06
코스피·코스닥 강보합 출발… 반도체는 엔비디아發 약세,https://n.news.naver.com/mnews/article/366/0001000175,달러 강세에 따른 환율 우려를 소폭 덜어내면서 코스피지수와 코스닥지수 모두 25일 장 초반 강보합세를 보였다. 코스피지수는 이날 오전 ..,조선비즈 ,2024-06-25 09:21:11
"""AI에 쏠린 수급 분산"" 코스피, 기관·외국인 매수에 상승출발",https://n.news.naver.com/mnews/article/015/0005001391,"코스피가 상승 출발했다. 외국인 매도세가 진정됐고, 기관이 매수에 나서면서다. 다만 인공지능(AI) 테마에 대한 차익실현은 이어지고 있..",한국경제 ,2024-06-25 09:20:16
엔비디아 곤두박질에…SK하이닉스·한미반도체 장 초반 '급락',https://n.news.naver.com/mnews/article/015/0005001385,엔비디아가 3거래일째 약세를 기록하면서 SK하이닉스와 한미반도체 주가도 장 초반 급락세다. 25일 오전 9시6분 현재 SK하이닉스는 전..,한국경제 ,2024-06-25 09:15:09
"시노펙스, 해외 자회사 '시노펙스 베트남' 창사이래 첫 배당",https://n.news.naver.com/mnews/article/008/0005054995,시노펙스 해외 자회사인 '시노펙스 베트남' 법인이 설립 10년 만에 1500만 달러(약 200억원) 규모 첫 배당을 실시했다고 25일 ..,머니투데이 ,2024-06-25 09:14:36
총회연금재단 500억 출자에 40곳 '북적북적'[fn마켓워치],https://n.news.naver.com/mnews/article/014/0005203867,목회자의 노후자금을 굴리는 ‘총회연금재단’의 500억원 출자사업에 40곳의 운용사가 몰렸다. 공무원연금의 국내 사모대체투자 출자에 20..,파이낸셜뉴스 ,2024-06-25 09:14:14
"코스닥, 하락 출발 후 소폭 상승 전환…840선",https://n.news.naver.com/mnews/article/018/0005772940,코스닥이 하락 출발 후 소폭 상승하고 있다. 25일 마켓포인트에 따르면 오전 9시7분 코스닥 지수는 전거래일 대비 2.41포인트(0.2..,이데일리 ,2024-06-25 09:13:07
"코스피, 외인·기관 동반 매수 상승 출발…2770선 오름세",https://n.news.naver.com/mnews/article/018/0005772939,25일 코스피 지수가 2770선 상승 출발했다. 코스피 지수는 하루 만에 상승 전환 소폭 강보합권에서 거래되고 있다. 간밤 엔비디아가 ..,이데일리 ,2024-06-25 09:12:13
"""파두, 느리지만 실적 회복 중…하반기부터 본격 개선""-NH",https://n.news.naver.com/mnews/article/008/0005054991,NH투자증권이 급격한 매출 하락으로 '뻥튀기 상장' 논란이 일었던 파두에 대해 느리지만 실적을 회복 중이라고 평했다. 신규 고객사 확보..,머니투데이 ,2024-06-25 09:11:40
"중앙첨단소재-이디엘, ‘새만금 공장 생산동’ 건설 개시…“IRA 쇼티지 최대 수혜”",https://n.news.naver.com/mnews/article/014/0005203861,국내 최대 리튬염(LiPF6) 생산시설을 구축 중인 ‘이디엘(EDL)’이 현재 본격적으로 새만금 공장의 생산동 건설을 진행 중이다. 중..,파이낸셜뉴스 ,2024-06-25 09:09:09
"부자아빠 기요사키 ""비트코인 성투 하려면 이 사람 따라하라""",https://n.news.naver.com/mnews/article/215/0001167901,세계적인 베스트셀러 '부자 아빠 가난한 아빠'의 저자 로버트 기요사키가 비트코인 투자자들을 위한 조언을 남겼다. 24일(현지시간) 기요..,한국경제TV ,2024-06-25 09:07:46
"""SK하이닉스의 HBM 경쟁 우위 지속 전망"" 목표가 20만→26만-신영",https://n.news.naver.com/mnews/article/008/0005054988,신영증권은 경쟁사 대비 SK하이닉스의 HBM(고대역폭메모리) 시장 우위가 계속돼 2분기 실적도 기대된다고 25일 분석했다. 투자의견은 ..,머니투데이 ,2024-06-25 09:02:38
"한국투자신탁운용, ETF 순자산 첫 10兆 돌파",https://n.news.naver.com/mnews/article/016/0002326419,한국투자신탁운용은 ACE 상장지수펀드(ETF) 순자산총액이 10조원을 돌파했다고 25일 밝혔다. 한국투자신탁운용의 ETF 순자산액이 1..,헤럴드경제 ,2024-06-25 09:02:28
"""양대운하 통행 차질에 환경규제까지…다시 찾아온 해운 호황""-삼성",https://n.news.naver.com/mnews/article/015/0005001368,삼성증권은 수에즈·파나마 운하의 통행 차질과 국제해사기구(IMO)의 환경규제 본격 시행으로 인해 해상 운임이 강세를 보일 것이라고 분석..,한국경제 ,2024-06-25 09:00:10
"대출 한도 줄이는 ‘스트레스DSR 2단계’ 시행, 두 달 연기...9월 1일부터",https://n.news.naver.com/mnews/article/023/0003842230,정부가 대출 한도를 더 줄이는 ‘2단계 스트레스 DSR(총부채원리금상환비율)’ 규제 시행을 돌연 두 달 연기하기로 했다. 지난 2월 1..,조선일보 ,2024-06-25 09:00:09
"NH證 “LG엔솔, 유럽 판매 부진… 목표가 10% ↓”",https://n.news.naver.com/mnews/article/366/0001000167,NH투자증권이 LG에너지솔루션에 대해 유럽 판매가 부진하다고 평가했다. 그러면서 목표 주가를 기존보다 10% 내린 44만원으로 제시했다..,조선비즈 ,2024-06-25 08:52:06
"비보존제약, 비마약성 진통제 ‘오피란제린’ 사전 마케팅 돌입",https://n.news.naver.com/mnews/article/018/0005772913,비보존 제약(082800)은 비마약성 진통제 오피란제린 출시를 앞두고 본격적인 사전 마케팅에 돌입한다고 25일 밝혔다. 비보존 제약은 ..,이데일리 ,2024-06-25 08:49:12
"미래에셋운용, ‘美 배당 프리미엄펀드’ 순자산 1000억 돌파",https://n.news.naver.com/mnews/article/119/0002843235,미래에셋자산운용은 25일 미국 우량 배당주에 투자하며 커버드콜 전략을 통해 추가 수익을 추구하는 ‘미래에셋미국배당프리미엄펀드’ 순자산이..,데일리안 ,2024-06-25 08:48:09
"""바닥 찍은 2차전지…제한적 회복, 제한적 주가 반등""-NH",https://n.news.naver.com/mnews/article/015/0005001366,"2차전지 산업이 실적 바닥을 확인한 가운데, 유럽 중심의 전기차 판매 둔화가 두드러지고 있어 제한적인 회복을 보일 것이라는 분석이 나왔..",한국경제 ,2024-06-25 08:48:09
"""SK하이닉스, HBM 경쟁 우위 이어진다…목표가↑""-신영",https://n.news.naver.com/mnews/article/015/0005001365,신영증권은 25일 SK하이닉스의 목표주가를 기존 20만원에서 26만원으로 높였다. D램과 낸드 실적 모두 개선될 것이란 전망에서다. 고..,한국경제 ,2024-06-25 08:46:20
"상상인증권 ""펄어비스, 게임스컴 수상 가능성…목표가 23.5%↑""",https://n.news.naver.com/mnews/article/421/0007621409,상상인증권은 25일 펄어비스(263750)에 대해 '붉은사막'의 게임스컴 수상 가능성에 주목하며 목표 주가를 5만 1000원에서 6만 ..,뉴스1 ,2024-06-25 08:44:50
"""이차전지 주가 관건은 중저가 전기차 흥행""",https://n.news.naver.com/mnews/article/215/0001167898,"NH투자증권은 이차전지 종목들의 올해 하반기 주가와 관련해 ""가장 중요한 것은 3만 달러(4천150만원) 중저가 전기차의 흥행 여부""라..",한국경제TV ,2024-06-25 08:42:25
"신영證 ""SK하이닉스 목표가 30%↑…HBM 경쟁력 우위 계속""",https://n.news.naver.com/mnews/article/421/0007621406,신영증권은 25일 SK하이닉스(000660)의 목표주가를 30% 상향했다. 고대역폭메모리(HBM) 경쟁력을 바탕으로 한 2분기 실적 기..,뉴스1 ,2024-06-25 08:42:21
"DS證 ""삼성전자, 업사이클 지속…갈수록 이익 개선 기대""",https://n.news.naver.com/mnews/article/421/0007621405,"DS투자증권은 25일 삼성전자(005930)에 대해 ""하반기로 갈수록 메모리 가격 상승에 따른 이익 개선 효과가 증대될 것""이라며 목표..",뉴스1 ,2024-06-25 08:40:52
"SK證 “고려아연, 2분기 실적 컨센서스 대폭 웃돌 것”",https://n.news.naver.com/mnews/article/011/0004357492,올해 2분기 고려아연(010130)이 컨센서스를 대폭 상회하는 실적을 기록할 것이라는 전망이 나왔다. 아연 가격이 오르는 가운데 자사주..,서울경제 ,2024-06-25 08:32:16
엔비디아 사흘째 추락…우울한 코스피[굿모닝 증시],https://n.news.naver.com/mnews/article/277/0005436387,간밤 뉴욕증시가 인공지능(AI) 대장주 엔비디아의 부진 등으로 하락 마감하면서 25일 코스피도 약세를 보일 전망이다. 24일(현지시간)..,아시아경제 ,2024-06-25 08:30:02
강달러 진정 속 반기말 네고 기대…환율 1380원 초반대로 하락[외환브리핑],https://n.news.naver.com/mnews/article/018/0005772882,"원·달러 환율은 1380원 초반대로 하락이 예상된다. 밤사이 달러화 강세가 진정됐고, 전날에 이어 장중 반기말 네고(달러 매도) 유입이..",이데일리 ,2024-06-25 08:25:09
"우진, SMR 핵심 기자재 개발 속도…“SMR 시장 개화 수혜 기대”",https://n.news.naver.com/mnews/article/277/0005436379,우진이 소형모듈원자로(SMR) 핵심 기자재 개발에 속도를 내고 있다. 전력 소모가 많은 인공지능(AI) 산업 발전에 따른 전력난 해결책..,아시아경제 ,2024-06-25 08:23:09
"""고려아연, 2분기 실적 컨센서스 대폭 웃돌 전망""-SK",https://n.news.naver.com/mnews/article/015/0005001358,"SK증권은 25일 고려아연에 대해 ""2분기 실적이 컨센서스(예상치 평균)를 크게 웃돌 것으로 예상된다""고 분석했다. 다만 투자의견 '매..",한국경제 ,2024-06-25 08:16:20
"고려아연, 컨센서스 대폭 웃도는 실적 전망…매수 관점 접근-SK",https://n.news.naver.com/mnews/article/018/0005772878,"SK증권은 25일 고려아연(010130)에 대해 올해 2분기 컨센서스를 대폭 웃도는 실적을 기록하리라고 전망했다. 투자의견은 ‘매수’,..",이데일리 ,2024-06-25 08:15:06
"삼성에스디에스, 2Q 실적우려에도 여전한 AI 기대-한화",https://n.news.naver.com/mnews/article/018/0005772877,한화투자증권은 25일 삼성에스디에스(018260)가 2분기 시장기대치를 하회하는 실적을 내겠지만 국내에서 생성형 인공지능(AI) 매출을..,이데일리 ,2024-06-25 08:13:12
"""삼성전자, 메모리 가격 상승으로 수익성 개선""[클릭 e종목]",https://n.news.naver.com/mnews/article/277/0005436372,DS투자증권은 25일 삼성전자에 대해 하반기에도 레거시(구형) DRAM(D램) 가격 상승에 따른 수익성 개선이 기대된다고 분석했다. 이..,아시아경제 ,2024-06-25 08:12:16
"NH證 “삼성E&A, 역대 최대 수주잔고 전망”",https://n.news.naver.com/mnews/article/366/0001000160,NH투자증권은 삼성E&A의 수주잔고(일감) 규모가 사상 최대 수준일 것으로 25일 전망했다. NH투자증권은 삼성E&A에 대한 투자의견 ..,조선비즈 ,2024-06-25 08:09:11
"""붉은사막, 게임스컴 수상 가능성 주목…펄어비스 목표가↑""-",https://n.news.naver.com/mnews/article/015/0005001357,상상인증권은 25일 펄어비스의 목표주가를 기존 5만1000원에서 6만3000원으로 높였다. '게임스컴 2024'에서 '붉은사막'이 수상..,한국경제 ,2024-06-25 08:08:14
"비트코인, 4차 반감 효과 대신 ‘마운트곡스’ 악몽? 엔비디아, 테슬라와 에코프로 전철 밟나? [한상춘의 지금세계는]",https://n.news.naver.com/mnews/article/215/0001167894,4차 반감기에 들어가면서 급등할 것으로 기대됐던 비트코인 가격이 급락해 향방이 주목되고 있구요. 엔비디아 주가도 3거래일 토탈 약 13..,한국경제TV ,2024-06-25 08:08:07
"“中패션공룡 쉬인, 뉴욕 대신 런던행...비밀리에 IPO서류 제출”",https://n.news.naver.com/mnews/article/277/0005436364,미국 뉴욕증시 상장을 추진해온 중국 패스트패션기업 쉬인(Shein)이 결국 영국 런던에서 기업공개(IPO) 절차를 밟고 있다. 블룸버그..,아시아경제 ,2024-06-25 08:03:34
 美 나스닥지수 1%대 ↓…엔비디아 6%대 급락[뉴스새벽배송],https://n.news.naver.com/mnews/article/018/0005772872,"간밤 뉴욕 증시는 혼조세를 보였다. 특히 엔비디아가 6%대 큰 폭으로 하락했고, 인공지능(AI), 반도체 관련주가 대거 하락했다. 간밤..",이데일리 ,2024-06-25 08:03:11
외인·기관 '쌍끌이'…반도체 바통 이어받은 이 종목,https://n.news.naver.com/mnews/article/015/0005001355,국내 증시에서 외국인과 기관투자가가 현대차와 기아 등 자동차주(株)를 집중적으로 사들이고 있다. 올 하반기 긍정적 실적 전망이 나오고 ..,한국경제 ,2024-06-25 08:02:20
엔비디아 주가 사흘 연속 급락…거품 붕괴 신호일까[딥다이브],https://n.news.naver.com/mnews/article/020/0003572516,"엔비디아 주가가 3거래일 연속 하락했습니다. 그 영향으로 24일(현지시간) 뉴욕증시에서 나스닥지수는 1.09%, S&P500은 0.31..",동아일보 ,2024-06-25 08:02:17
"""삼성E&A, 하반기 추세 전환 위한 추가 수주 '기대'""[클릭 e종목]",https://n.news.naver.com/mnews/article/277/0005436363,대신증권은 25일 삼성E&A에 대해 하반기 추세 전환을 위한 추가 수주가 기대된다고 평가했다. 투자의견 '매수'와 목표주가 3만8000..,아시아경제 ,2024-06-25 08:01:50
작년 기관전용 사모펀드 약정 136兆 ‘역대최대’ [투자360],https://n.news.naver.com/mnews/article/016/0002326372,작년 국내 기관전용 사모펀드 약정액이 지속 성장해 136조4000억원으로 최고치를 기록했다. 25일 금융감독원이 발표한 ‘2023년 기..,헤럴드경제 ,2024-06-25 08:01:10
 엔비디아發 먹구름…위기는 곧 기회다[마켓뷰],https://n.news.naver.com/mnews/article/001/0014766501,"엔비디아 6.7%·퀄컴 5.5%·ARM 5.8% 급락…강달러는 진정세 ""쏠림 완화 계기 되면 긍정적"" 분석도…자동차·식음료株 대응 엔비..",연합뉴스 ,2024-06-25 08:00:26
"""카더라일 때 오른다""…정치테마주 요동",https://n.news.naver.com/mnews/article/003/0012625981,지난 국회의원 선거 이후 잠잠했던 정치테마주가 또 다시 요동치고 있다. 유력정치인들의 당대표 도전이 불을 지핀 모양새다. 하지만 출마설..,뉴시스 ,2024-06-25 08:00:00
“오늘 증시 하락 위험 커질 전망”…엔비디아 충격,https://n.news.naver.com/mnews/article/018/0005772867,25일 한국 증시가 하락세를 보일 것으로 전망됐다. 엔비디아 급락으로 투자 심리 위축이 예상됐다. 김석환 미래에셋증권(006800) 연..,이데일리 ,2024-06-25 07:56:14
"상상인證 ""펄어비스, 게임스컴 수상 가능성 주목…목표가↑""",https://n.news.naver.com/mnews/article/003/0012625973,"상상인증권이 25일 펄어비스에 대해 ""올해 가장 큰 모멘텀과 테마를 보유한 종목""이라며 주목했다. 목표주가는 기존 5만1000원에서 6..",뉴시스 ,2024-06-25 07:54:13
“115달러에 샀는데 이제 팔아야 함?”…며칠새 12% 급락한 엔비디아에 서학개미들 ‘멘붕’ [투자360],https://n.news.naver.com/mnews/article/016/0002326368,‘엔비디아 115(달러)에 샀는데 팔아야 함? 왜 자꾸 내려가' (25일 한 온라인 주식게시판) 거침없는 상승세를 이어가던 인공지능(A..,헤럴드경제 ,2024-06-25 07:53:10
"""삼성전자, 범용 메모리 반도체 시황 호조 지속될 것""-DS",https://n.news.naver.com/mnews/article/015/0005001350,"DS투자증권은 25일 삼성전자에 대해 최근 범용 메모리 반도체 시황 호조가 하반기에도 지속될 것이라며 투자의견 ‘매수’, 목표주가 10..",한국경제 ,2024-06-25 07:49:14
"유안타證 ""다보링크, 잦은 최대주주 변경 위험 주의""",https://n.news.naver.com/mnews/article/003/0012625968,유안타증권은 25일 다보링크에 대해 잦은 최대주주 변경 위험에 주의해야 한다고 분석했다. 투자의견과 목표주가는 따로 제시하지 않았다. ..,뉴시스 ,2024-06-25 07:49:06
"POSCO홀딩스, 불확실한 시장 속 낮아지는 기대감-대신",https://n.news.naver.com/mnews/article/018/0005772864,대신증권은 25일 POSCO홀딩스(005490)가 하반기에도 불확실한 시장상황을 맞을 것이라고 봤다. 다만 시장과의 소통을 통해 저평가..,이데일리 ,2024-06-25 07:44:13
엔비디아 6%급락에 나스닥 1% 뚝…월가 “건강한 조정” [월가월부],https://n.news.naver.com/mnews/article/009/0005324138,비트코인8% 급락..5.8만달러대 3일연속 나스닥·S&P500하락 엔비디아 팔고 은행·에너지주 사고 오늘 뉴욕증시 혼조세 보였습니다. ..,매일경제 ,2024-06-25 07:43:15
“엔비디아 우울인데 왜 비트코인 너까지…” 가상자산 대장주 6만달러 한때 붕괴 [투자360],https://n.news.naver.com/mnews/article/016/0002326361,미국 증시를 뜨겁게 달구고 있는 엔비디아 주가가 급락한 가운데 가상자산 대장주 비트코인 가격도 24일(현지시간) 한때 6만 달러선 아래..,헤럴드경제 ,2024-06-25 07:43:13
“내가 겪어봐서 알지” 비상장사에도 선뜻…연기금급 대우받는 투자자,https://n.news.naver.com/mnews/article/009/0005324137,"한국의 패밀리오피스 시장이 100조원 규모로 성장하면서, 최소 자산 규모만 수천억 원에 달하는 기업 가문 고객이 자본시장의 ‘메기’로 ..",매일경제 ,2024-06-25 07:43:10
대신證 “엔화 등 동반 약세… 원·달러 환율 연고점 돌파 가능”,https://n.news.naver.com/mnews/article/366/0001000157,일본 엔화를 비롯한 동아시아 통화가 동반 약세를 보이면서 미국 달러 대비 원화 환율(원·달러 환율)이 연고점(1400원)을 넘어설 수 ..,조선비즈 ,2024-06-25 07:37:10
AI에 쏠렸던 수급이 블루칩으로 분산…엔비디아 6.7% 급락 [뉴욕증시 브리핑],https://n.news.naver.com/mnews/article/015/0005001346,뉴욕증시에서 주요 지수는 인공지능(AI)에 쏠렸던 수급이 분산되면서 혼조세를 보였다. 엔비디아가 7% 가깝게 급락하면서 반도체 업종이 ..,한국경제 ,2024-06-25 07:35:16
뉴욕증시 혼조 마감…엔비디아 6.68% 하락,https://n.news.naver.com/mnews/article/629/0000298735,"다우존스지수 0.67% 상승 엔비디아, 3거래일 연속 하락세 뉴욕증시가 미국 반도체 기업 엔비디아의 조정 국면과 맞물려 혼조 마감했다...",더팩트 ,2024-06-25 07:26:18
"팔아? 버텨? 더사?…급락장, 안개에 갖힌 엔비디아",https://n.news.naver.com/mnews/article/029/0002882687,엔비디아 주가 3거래일 연속 급락 급락 폭도 커지면서 거품론 제기 조정장 속 관망세 강해 에측 난항에 서학개미 고민커져 인공지능(AI)..,디지털타임스 ,2024-06-25 07:23:07
SK하이닉스 한 회사 시총이 현대차그룹 전체 시총 넘었다 [투자360],https://n.news.naver.com/mnews/article/016/0002326332,국내 증시 시가총액 2위 종목 SK하이닉스가 현대자동차그룹 12개 상장사 전체 시총 합산액을 넘어섰다. AI칩 개발·생산에 필수적인 고..,헤럴드경제 ,2024-06-25 07:12:16
 ‘마이웨이’…삼천리 이만득 회장 사위들의 면면[거버넌스워치],https://n.news.naver.com/mnews/article/648/0000026721,내로라하는 재벌가(家)라면 ‘반(半)자식’이라는 사위의 일거수일투족 역시 세간의 주목을 받기 마련이다. 재계 54위 삼천리그룹의 3대 ..,비즈워치 ,2024-06-25 07:10:13
초유의 코스닥 상장승인 취소 …시작은 2년 전 옛 주인의 '악성 민원'?,https://n.news.naver.com/mnews/article/421/0007621280,"""상장예비심사신청서의 거짓 기재 또는 중요사항 누락 등으로 코스닥시장 상장예비심사 승인 결과의 효력을 불인정한다.""(한국거래소) ""악의..",뉴스1 ,2024-06-25 07:07:10
정부가 미는 정책주…급등락 롤러코스터 ‘주의보’,https://n.news.naver.com/mnews/article/119/0002843207,올 들어 국내 증시에서 뚜렷한 주도주가 부재한 가운데 정책 테마주가 기승을 부리고 있다. 주도주 없이 업종·종목 순환매 장세가 지속되자..,데일리안 ,2024-06-25 07:00:07
"'불장' 미국보다 더 뛰었다…""수익 짭짤하네"" 환호 [일확연금 노후부자]",https://n.news.naver.com/mnews/article/015/0005001339,※ 한국경제신문은 독자 여러분들의 노후 자산형성에 도움이 될 ‘연금 재테크’의 모든 것을 다루는 ‘디지털 온리’ 콘텐츠 [일확연금 노후..,한국경제 ,2024-06-25 06:58:18
"“혹시 코스피 3000 가나?”...빚내서 투자, 2년만에 최대",https://n.news.naver.com/mnews/article/009/0005324125,코스피 빚투 11조...코스닥은 8조 유가증권시장의 신용거래 융자 잔고가 11조원을 돌파했다. 24일 금융투자협회에 따르면 이달 20일..,매일경제 ,2024-06-25 06:44:11
기술주 차익 실현에 나스닥 1%↓...에너지주는 상승 [출근전 꼭 글로벌브리핑],https://n.news.naver.com/mnews/article/215/0001167880,미국 뉴욕증시의 기술주 중심 지수 나스닥이 1% 넘게 하락하며 인공지능(AI)과 반도체 관련주들이 휘청했다. 24일(현지시간) 나스닥 ..,한국경제TV ,2024-06-25 06:35:25
금리인하 돌입? 연저점 기록한 국고채 금리...채권 개미 기대 '솔솔',https://n.news.naver.com/mnews/article/008/0005054936,최근 글로벌 주요국들이 금리 인하를 시작하는 등 통화정책 완화 기조를 보이자 시중금리가 빠른 속도로 떨어지고 있다. 기대를 반영한 국내..,머니투데이 ,2024-06-25 06:32:00
"“곳간 열쇠, 며느리 말고 여기 맡겨요”...슈퍼리치 몰리자 100조 시장 ‘우뚝’",https://n.news.naver.com/mnews/article/009/0005324123,"한국판 록펠러, 카네기 명문가 유도 금융집사 서비스 자산증식과 함께 상속·M&A·사회환원·교육도 지원 초고액 자산가(슈퍼리치)를 대상으..",매일경제 ,2024-06-25 06:22:11
"'라임펀드 판매' 우리은행에 소송 낸 보람상조, 1심 패소",https://n.news.naver.com/mnews/article/277/0005436312,'라임 펀드' 투자 손실에 대한 책임을 물으며 우리은행에 민사소송을 낸 보람상조피플이 1심에서 졌다. 우리은행이 상품 설명을 제대로 하..,아시아경제 ,2024-06-25 06:10:00
"뉴욕증시, 엔비디아 급락에 반도체주 '휘청' …나스닥 1.09%↓ 마감",https://n.news.naver.com/mnews/article/001/0014766442,진정호 연합인포맥스 특파원 = 뉴욕증시는 올해 시장을 주도했던 인공지능(AI) 및 반도체 관련주가 대거 하락한 가운데 블루칩 우량주들은..,연합뉴스 ,2024-06-25 06:07:36
SK 자금난에 웨이브-티빙 합병 막판 진통 [시그널],https://n.news.naver.com/mnews/article/011/0004357461,국내 온라인 동영상 서비스(OTT) 업체 티빙과 웨이브 합병이 막판 진통을 겪고 있다. 웨이브가 기업공개(IPO)를 약속하고 빌린 20..,서울경제 ,2024-06-25 06:01:37
"환율 1400원에 불안한 코스피…""수출주 강세·내수주 소외""",https://n.news.naver.com/mnews/article/011/0004357460,원·달러 환율이 1400원에 육박할 정도로 오르면서 국내 주식시장의 변동성도 커질 수 있다는 경고가 나오고 있다. 특히 환율이 크게 오..,서울경제 ,2024-06-25 06:01:34
"엔비디아·하이닉스 쏠림 '닷컴버블'보다 심각…""스마트 베타 주목""",https://n.news.naver.com/mnews/article/008/0005054925,국내·외 증시에서 특정 종목으로의 쏠림현상이 심화하는 가운데 스마트 베타 전략으로 쏠림 이후 변동성 장세에 대응해야 한다는 분석이 나온..,머니투데이 ,2024-06-25 06:00:00
"이전상장 첫 날, 엇갈린 주가 희비",https://n.news.naver.com/mnews/article/277/0005436309,이전상장에 나선 종목들의 이사 첫날 주가 희비가 엇갈렸다. 코스닥시장에서 유가증권시장으로 옮긴 파라다이스는 약세를 보였고 코넥스시장에서..,아시아경제 ,2024-06-25 06:00:00
엔비디아 사흘간 12.9% ‘뚝’…S&P500·나스닥도 또 고전[월스트리트in],https://n.news.naver.com/mnews/article/018/0005772829,엔비디아 주가가 사흘 연속 빠지면서 나스닥과 S&P지수도 사흘째 하락 마감했다. 다우지수가 5일 연속 오른 것을 고려하면 투자자들은 그..,이데일리 ,2024-06-25 05:44:10
"개인 이어 펀드·채권도 '우려'…""제도 보완부터""",https://n.news.naver.com/mnews/article/018/0005772823,"“지금까지는 금투세가 폐지될 것이라는 생각에 지켜보는 분위기였지만, 하반기부터는 고객들도 좀 더 적극적으로 움직일 것으로 본다. 채권은..",이데일리 ,2024-06-25 05:32:21
투자자 1%만 대상인데…높아지는 ‘금투세 폐지 요구’ 왜?,https://n.news.naver.com/mnews/article/018/0005772821,국회 국민동의청원 게시판에 제안된 ‘금투세 전면 폐지 요청에 관한 청원’ (사진=국회 국민동의청원 게시판 갈무리) 금융투자소득세(금투세..,이데일리 ,2024-06-25 05:32:16
초단기채로 몰리는 대기자금…한 달 만에 2.3조 유입,https://n.news.naver.com/mnews/article/011/0004357444,시중의 대기성 자금이 초단기채권으로 몰리고 있다. 연초부터 이어진 글로벌 증시 상승에 따른 차익 실현 매물에 더해 연내 금리 인하 전망..,서울경제 ,2024-06-25 05:31:27
"가상화폐 대장주 비트코인, 6만달러 붕괴 …4개월 전 가격으로 복귀",https://n.news.naver.com/mnews/article/029/0002882675,이더리움도 하락 비트코인 가격이 4개월여 만에 6만달러 밑으로 내려갔다. 파산한 거래소 마운트곡스의 비트코인 상환과 뉴욕증시 호조로 인..,디지털타임스 ,2024-06-25 05:29:07
5월 PCE 물가 앞두고 혼조 마감…엔비디아 6.7% ↓[뉴욕증시],https://n.news.naver.com/mnews/article/277/0005436297,미국 뉴욕증시의 3대 지수는 24일(현지시간) 혼조세로 마감했다. 최근 증시 급등 피로감 속에 이번주 발표되는 개인소비지출(PCE) 물..,아시아경제 ,2024-06-25 05:13:25
이번엔 6.7% 폭락 엔비디아…조정 언제까지?,https://n.news.naver.com/mnews/article/029/0002882674,"엔비디아가 3거래일 연속 하락했다. 지난 18일 역대 최고 주가를 기록하며 시가총액 1위에 올랐지만, 이후 낙폭을 꾸준히 키우며 시총 ..",디지털타임스 ,2024-06-25 05:12:07
숨고르는 증시에…날뛰는 스팩주 과열주의보,https://n.news.naver.com/mnews/article/018/0005772813,국내 증시가 숨고르기 국면에 들어가며 마땅한 투자처를 찾지 못한 자금이 스팩(SPAC·기업인수목적회사) 종목에 쏠리고 있다. 최근 한 ..,이데일리 ,2024-06-25 05:10:14
"돌아온 '강달러'… 원/달러 환율, 1400원 터치하나?",https://n.news.naver.com/mnews/article/417/0001010236,'강달러'가 돌아왔다. 24일 원/달러 환율은 1389원에 마감하면서 1400원대 진입을 눈앞에 두고 있다. 주요국 통화 약세가 이어지..,머니S ,2024-06-25 05:02:00
증시대기자금 '머니무브' 꿈틀… 하반기 2800 기대감,https://n.news.naver.com/mnews/article/018/0005772809,코스피가 2700선 후반대에서 움직이는 가운데 증시 주변자금들이 조금씩 줄어들고 있다. 시장에서는 머니마켓펀드(MMF)나 종합자산관리계..,이데일리 ,2024-06-25 05:01:20
